Winery,Wine name,Vintage,Region,Country,Regional wine style,Average rating,Scan date,Scan/Review Location,Your rating,Your review,Personal Note,Wine type,Drinking Window,Wishlisted date,Cellar count,Link to wine,Label image,Wine price
Viña Real,Rioja Crianza,2016,Rioja,Spain,Spanish Rioja Red,3.53,4/28/20 20:29,,,,Class 8 - Spain,Red Wine,,,,https://www.vivino.com/wines/87041121,https://images.vivino.com/labels/S2mREwHNRyCiAYjR1onbcQ.jpg,
Álvaro Palacios,Camins del Priorat,2018,Priorat,Spain,Spanish Priorat Red,3.95,4/28/20 20:29,,,,Class 8 - Spain,Red Wine,,,,https://www.vivino.com/wines/156099390,https://images.vivino.com/labels/FjnHarjxS7yxBXV-bluxqQ.jpg,
Anna de Codorniu,Blanc de Blancs Brut,2015,Cava,Spain,Spanish Cava,3.64,4/28/20 20:28,,,,Class 8 - Spain,Sparkling,,,,https://www.vivino.com/wines/14296784,https://images.vivino.com/labels/Z6t1F7wITNuuyvnWq-qPvg.jpg,
Pazo Barrantes,Albariño,2018,Rías Baixas,Spain,Spanish Albariño,3.77,4/28/20 20:27,,,,Class 8 - Spain,White Wine,,,,https://www.vivino.com/wines/156366238,https://images.vivino.com/labels/0mBFn3pjTh-7U2DMpraRKA.jpg,
Fontanafredda,Barbaresco,2015,Barbaresco,Italy,Italian Barbaresco,3.74,4/28/20 20:26,,,,Class 7 - Italy,Red Wine,,,,https://www.vivino.com/wines/17014034,https://images.vivino.com/labels/tgEZvcWfQ3GaO-umNf08TA.jpg,
Terlato,Pinot Grigio,2018,Colli Orientali del Friuli,Italy,Northern Italy Pinot Grigio,3.84,4/28/20 20:26,,,,Class 7 - Italy,White Wine,,,,https://www.vivino.com/wines/156598172,https://images.vivino.com/labels/ZfcxGlB1QfCDBGgtDwsX6A.jpg,
Mionetto,Prestige Collection Brut Prosecco Treviso,8888,Prosecco di Treviso,Italy,Italian Prosecco,3.59,4/28/20 20:26,,,,Class 7 - Italy,Sparkling,,,,https://www.vivino.com/wines/2613317,https://images.vivino.com/labels/O9-8vphOR7OpZNcsFkmocw.jpg,
Tenuta Il Poggione,Rosso di Montalcino Leopoldo Franceschi,2017,Rosso di Montalcino,Italy,Tuscan Red,3.89,4/28/20 20:25,,,,Class 7 - Italy,Red Wine,,,,https://www.vivino.com/wines/156630353,https://images.vivino.com/labels/bsHSU_GyTrCvw3GQHIvDqA.jpg,
Terre Brûlée,Côtes-du-Rhône Rouge,2019,Côtes-du-Rhône,France,Southern Rhône Red,3.82,4/28/20 20:23,,,,Bought on Chenin Blanc discussion wine.com,Red Wine,,,1,https://www.vivino.com/wines/162605304,https://images.vivino.com/labels/plrRXO7gQKa8Cx2RTNGlMQ.jpg,
Albert Boxler,Chasselas,2017,Alsace,France,,3.94,4/28/20 20:23,,,,Bought on Chenin Blanc discussion wine.com,White Wine,,,1,https://www.vivino.com/wines/159275754,https://images.vivino.com/labels/Nx8DfvowSp23uYiw4NDUsA.jpg,
Trimbach,Pinot Blanc Alsace,2016,Alsace,France,Alsace Pinot Blanc,3.71,4/28/20 20:21,,,,Bought on Chenin Blanc discussion wine.com,White Wine,,,1,https://www.vivino.com/wines/141110691,https://images.vivino.com/labels/ExZyr-4cSs-_JhEglbFxqg.jpg,
Batasiolo,Dolcetto d'Alba,2017,Dolcetto d'Alba,Italy,Northern Italy Red,3.34,4/25/20 18:17,,,,,Red Wine,,,1,https://www.vivino.com/wines/152288338,https://images.vivino.com/labels/6DiMKQ2AS3CckynDpbtS1g.jpg,
Fontanafredda,Briccotondo Barbera,2018,Piemonte,Italy,Italian Barbera,3.58,4/25/20 18:16,,,,,Red Wine,,,1,https://www.vivino.com/wines/156925725,https://images.vivino.com/labels/UqXYa_XFReybhATsiQALcA.jpg,
Fontanafredda,Briccotondo Dolcetto,2016,Langhe,Italy,Northern Italy Red,3.41,4/25/20 18:15,,,,,Red Wine,,,1,https://www.vivino.com/wines/137650540,https://images.vivino.com/labels/0w4k5aKdSWeIcLMnp24Eag.jpg,
Fontanafredda,Gavi di Gavi,2018,Gavi,Italy,Italian Gavi,3.86,4/25/20 18:13,,,,Not sure how I found this fontanafredda.,White Wine,,,1,https://www.vivino.com/wines/156147205,https://images.vivino.com/labels/NuRhzEEZRpaPLNjtBT0NIQ.jpg,
Domaine Huet,Vouvray Le Mont Moelleux Première Trie,2018,Vouvray,France,,4.34,4/24/20 22:03,,5,,Sauternes-like.   But not as heavy.  Smooth. Sweet.  A bit syrupy.  Great taste.  Acidic with sweetness.   Is it lemon like sweetness?,Dessert Wine,,,,https://www.vivino.com/wines/160500948,https://images.vivino.com/labels/rb5mGte7QyeWSXG_AofXfg.jpg,
Diving Into Hampton Water,Rosé,2018,Vin de France,France,,4.01,4/24/20 2:06,,3.5,Grenache.  Note: West side of Rhône valley.   Super light though.    Taste comes out more when agitated.  Dry rose,Special purchase wine.com bin jovi tasting,Rosé Wine,,,,https://www.vivino.com/wines/156676615,https://images.vivino.com/labels/Qq7Wqy1RTn2yvud4xELJaw.jpg,
Paul Jaboulet Aîné,Gigondas Pierre Aiguille,2016,Gigondas,France,Southern Rhône Red,3.78,4/24/20 2:05,,,,Wine class 6 - intro to France,Red Wine,,,,https://www.vivino.com/wines/147127151,https://images.vivino.com/labels/VLlPM-G6R2GoEqdJjxIwvQ.jpg,
Faiveley,Mercurey 'Les Villeranges',2017,Mercurey,France,Burgundy Côte Chalonnaise Red,3.86,4/24/20 2:04,,,,Wine class 6 - intro to France,Red Wine,,,,https://www.vivino.com/wines/156628884,https://images.vivino.com/labels/C7z7SyKEQeeYLBAxm8JadQ.jpg,
Château de Sancerre,Sancerre Blanc,2018,Sancerre,France,Upper Loire White,3.95,4/24/20 2:02,,,,Wine class 6 - intro to France,White Wine,,,,https://www.vivino.com/wines/156547083,https://images.vivino.com/labels/JTDVSypMQye5s6lefvLBsg.jpg,
Lanson,Black Label Champagne Brut,8888,Champagne,France,French Champagne,3.82,4/24/20 2:01,,,,Wine class 6 - intro to France,Sparkling,,,,https://www.vivino.com/wines/2057230,https://images.vivino.com/labels/2eLV4jqYT-qaIj9rW4EfFQ.jpg,
The Hess Collection,Allomi Cabernet Sauvignon,2017,Napa Valley,United States,Napa Valley Cabernet Sauvignon,4.07,4/24/20 1:59,,,,Wine class 5 - intro to California,Red Wine,,,,https://www.vivino.com/wines/151616724,https://images.vivino.com/labels/E2dFNhAvQ12Jyv85T1irNA.jpg,
Qupé,Grenache Sawyer Lindquist Vineyard,2016,Edna Valley,United States,,3.9,4/24/20 1:58,,,,Wine class 5 - intro to California,Red Wine,,,,https://www.vivino.com/wines/156596687,https://images.vivino.com/labels/3wkcigb7SvOU260Ri5nV6A.jpg,
Wines from Hahn Estate,SLH Pinot Noir,2018,Santa Lucia Highlands,United States,Californian Pinot Noir,3.92,4/24/20 1:57,,,,Wine class 5 - intro to California,Red Wine,,,,https://www.vivino.com/wines/156208129,https://images.vivino.com/labels/ZZXq1MuGQPiPU5cQsRsSkw.jpg,
Roederer Estate,Brut,8888,Anderson Valley,United States,Californian Sparkling,3.86,4/24/20 1:55,,4,,Wine class 5 - intro to California,Sparkling,,,,https://www.vivino.com/wines/2133915,https://images.vivino.com/labels/15XEL5XaScyUcUwZyjGyaQ.jpg,
Dr. Loosen,Dr. L Riesling,2018,Mosel,Germany,German Riesling,3.84,4/23/20 2:07,,,,Wine class 2 - wines of the world,White Wine,,,,https://www.vivino.com/wines/156296643,https://images.vivino.com/labels/yRh6dwxFRNG_GCCibgw-iQ.jpg,
Fèlsina,Berardenga Chianti Classico,2016,Chianti Classico,Italy,Italian Chianti,3.75,4/22/20 13:57,,,,Wine Class 2 - wines of the world,Red Wine,,,,https://www.vivino.com/wines/125565462,https://images.vivino.com/labels/tlSveY3CRMews6uQcIZhOA.jpg,
Billaud-Simon,Chablis,2017,Chablis,France,Burgundy Chablis,3.79,4/22/20 13:56,,,,Wine Class 2 - wines of the world,White Wine,,,,https://www.vivino.com/wines/152739273,https://images.vivino.com/labels/P5IF-o6lRt69GK6258Kvcg.jpg,
Vite Colte,La Casa In Collina Barbaresco,2015,Barbaresco,Italy,Italian Barbaresco,3.68,4/22/20 0:08,,,,,Red Wine,,,,https://www.vivino.com/wines/21094292,https://images.vivino.com/labels/vHC6t0kNSCGxsS_uXqMJTA.jpg,
Parducci,Small Lot Blend Petite Sirah,2016,Mendocino County,United States,,3.56,4/19/20 23:43,,,,Wine class 4 - food pairing.    Full tannic red,Red Wine,,,,https://www.vivino.com/wines/141616442,https://images.vivino.com/labels/zcYJKCbKRJObAZZm-YbU0Q.jpg,
Louis Jadot,Beaujolais-Villages,2016,Beaujolais-Villages,France,Beaujolais Red,3.61,4/19/20 23:42,,,,Wine class 4 - food pairing.   Light crisp red.,Red Wine,,,,https://www.vivino.com/wines/118768169,https://images.vivino.com/labels/B6GoplUTSjeOco36R950dA.jpg,
Saracco,Moscato d'Asti,2019,Moscato d'Asti,Italy,Italian Moscato d'Asti,4.13,4/19/20 23:40,,4.5,Refreshing easy to drink.  ,Wine class 4 - food pairing.    Excellent refreshing wine.   Off-Dry White.,Sparkling,,,,https://www.vivino.com/wines/159567859,https://images.vivino.com/labels/_WEjtL5vS7W5Qya3x7RcNA.jpg,
Broadbent,Branco,8888,Vinho Verde,Portugal,Portuguese Vinho Verde White,3.9,4/19/20 23:40,,,,Wine Class 4 - food pairing.  Nice light crisp white wine,White Wine,,,,https://www.vivino.com/wines/2290921,https://images.vivino.com/labels/FvGIxjnjR6-FhmtMP2dTog.jpg,
Los Vascos,Cabernet Sauvignon,2018,Colchagua Valley,Chile,Chilean Cabernet Sauvignon,3.39,4/19/20 23:39,,,,Wine class 3 Blind Tasting,Red Wine,,,,https://www.vivino.com/wines/156170922,https://images.vivino.com/labels/NKBPviSXQDqpm4ebwGX20g.jpg,
La Crema,Sonoma Coast Pinot Noir,2017,Sonoma Coast,United States,Californian Pinot Noir,3.94,4/19/20 23:38,,,,Wine Class 3 Blind Tasting.,Red Wine,,,,https://www.vivino.com/wines/150374907,https://images.vivino.com/labels/5oTYcK67SeaBFZN6Re15wg.jpg,
Matua,Sauvignon Blanc Hawke's Bay,2019,Hawke's Bay,New Zealand,New Zealand Sauvignon Blanc,3.85,4/19/20 23:37,,,,Wine Class 3 Blind Tasting.   Good Sav Blanc,White Wine,,,,https://www.vivino.com/wines/160137596,https://images.vivino.com/labels/jNzMnohzQmGzv9-RkEquzg.jpg,
Château Puygueraud,Francs - Côtes de Bordeaux,2016,Francs - Côtes de Bordeaux,France,Bordeaux Red,3.58,4/17/20 20:35,,,,,Red Wine,,,1,https://www.vivino.com/wines/133121396,https://images.vivino.com/labels/41lwBWWdQnybHC7Gk6mPnQ.jpg,
Giesen,Sauvignon Blanc,2019,Marlborough,New Zealand,New Zealand Sauvignon Blanc,3.83,4/5/20 2:35,,2.5,Not too strong fruit.   Nice but not stellar.  Tasting on class 1,Wine class 1,White Wine,,,,https://www.vivino.com/wines/159368514,https://images.vivino.com/labels/TbmFH574TSmYLNVMDTugYw.jpg,
DeLoach,Heritage Reserve Chardonnay,2018,California,United States,Californian Chardonnay,3.55,4/5/20 2:34,,5,,Wine class 1,White Wine,,,1,https://www.vivino.com/wines/156843495,https://images.vivino.com/labels/5PL9dccESpWmJMzaaDzg5Q.jpg,
Wines from Hahn Estate,SLH Pinot Noir,2017,Santa Lucia Highlands,United States,Californian Pinot Noir,3.92,4/5/20 2:33,,,,Wine class 1,Red Wine,,,,https://www.vivino.com/wines/150499879,https://images.vivino.com/labels/0BayxnJCSUShEB9VF1S2XQ.jpg,
Bouchard Aîné & Fils,Pinot Noir Bourgogne,2018,Bourgogne,France,Burgundy Red,3.54,4/5/20 2:32,,,,Wine class 1,Red Wine,,,,https://www.vivino.com/wines/157179937,https://images.vivino.com/labels/w2BJ8JDoTayGoL7Wi4fHrg.jpg,
Cruz Alta,Reserve Cabernet Sauvignon,2014,Mendoza,Argentina,Argentinian Cabernet Sauvignon,3.62,1/25/20 11:36,,,,,Red Wine,,,,https://www.vivino.com/wines/19076656,https://images.vivino.com/labels/Si8A-SvcRla8l3bMk_lshg.jpg,
Yalumba,Museum Reserve Muscat,8888,Rutherglen,Australia,,4,12/31/19 14:24,,,,,Dessert Wine,,,1,https://www.vivino.com/wines/2108916,https://images.vivino.com/labels/QBqK72HuS62GcnYTTDCd9g.jpg,
Château Guiraud,Sauternes (Premier Grand Cru Classé),2015,Sauternes,France,Bordeaux Sauternes,4.31,12/31/19 14:23,,,,,Dessert Wine,,4/10/20 22:55,1,https://www.vivino.com/wines/18066005,https://images.vivino.com/labels/MQlNduzEQySZ7IMBjaunUA.jpg,
Chateau Ste. Michelle,Cabernet Sauvignon,2006,Columbia Valley,United States,Washington State Cabernet Sauvignon,3.76,12/24/19 20:02,,,,,Red Wine,,,,https://www.vivino.com/wines/1131520,https://images.vivino.com/labels/EH6TWurdSfWCESvwTbv-vQ.jpg,
Beaux Frères,The Beaux Frères Vineyard Pinot Noir,2017,Ribbon Ridge,United States,Oregon Pinot Noir,4.41,12/13/19 1:32,,,,,Red Wine,,,1,https://www.vivino.com/wines/152317627,https://images.vivino.com/labels/xuormfFpQvqZY_fb-isAPw.jpg,
Titus,Cabernet Franc,2016,Napa Valley,United States,Californian Cabernet Franc,4.19,11/22/19 3:53,,5,Alex dinner Nov 2019.  Very good. ,,Red Wine,,,,https://www.vivino.com/wines/148864338,https://images.vivino.com/labels/ovKIY0BGTzieDl3yQRMOyw.jpg,
Red Tail Ridge,Riesling,2016,Seneca Lake,United States,,3.79,8/14/19 23:07,,,,Had at Huntley Tavern in Summit.  Great with salmon.   Crisp. Some fruit.,White Wine,,,,https://www.vivino.com/wines/149141579,https://images.vivino.com/labels/jpBj_HVOQEq-cIpkLWCEUg.jpg,
Hay Maker,Sauvignon Blanc,2018,Marlborough,New Zealand,New Zealand Sauvignon Blanc,3.82,7/15/19 12:49,,,,,White Wine,,,4,https://www.vivino.com/wines/156170498,https://images.vivino.com/labels/JAv42CUNSzetdeLdr_RCUg.jpg,
Pine Ridge,Napa Valley Cabernet Sauvignon,2015,Napa Valley,United States,Napa Valley Cabernet Sauvignon,4.29,7/15/19 12:45,,,,,Red Wine,,,2,https://www.vivino.com/wines/18239853,https://images.vivino.com/labels/-e4bBdgXTPu8SlDEGzu-IQ.jpg,
Matthiasson,Cabernet Sauvignon,2015,Napa Valley,United States,Napa Valley Cabernet Sauvignon,4.25,5/22/19 2:37,,,,,Red Wine,,,,https://www.vivino.com/wines/143384612,https://images.vivino.com/labels/O-YCKuyXR3CrD6n3id5Glg.jpg,
Pine Ridge,Napa Valley Cabernet Sauvignon,2015,Napa Valley,United States,Napa Valley Cabernet Sauvignon,4.29,5/22/19 0:10,,,,,Red Wine,,,2,https://www.vivino.com/wines/18239853,https://images.vivino.com/labels/ASXzpdasSd6M-OZusAguFA.jpg,
Chimney Rock,Elevage ,2003,Stags Leap District,United States,Californian Red Blend,4.32,5/15/19 2:37,,,,,Red Wine,,,1,https://www.vivino.com/wines/1817095,https://images.vivino.com/labels/vEaxybl0R9mGI-uW7aCuFw.jpg,
Bonterra,Zinfandel,2005,Mendocino County,United States,Californian Zinfandel,3.67,4/22/19 14:41,,,,,Red Wine,,,,https://www.vivino.com/wines/1092,https://images.vivino.com/labels/dkyS5QsdStKHbHhA-XfKig.jpg,
Dominican Oaks,Cabernet Sauvignon,2009,Napa Valley,United States,Napa Valley Cabernet Sauvignon,3.71,4/22/19 14:40,,,,,Red Wine,,,1,https://www.vivino.com/wines/1282345,https://images.vivino.com/labels/QLrZ28LjSuGHhfoOtnAOEQ.jpg,
Wilson,Carl's Zinfandel,2006,Dry Creek Valley,United States,Californian Zinfandel,4.04,4/22/19 14:39,,,,,Red Wine,,,1,https://www.vivino.com/wines/1868921,https://images.vivino.com/labels/UZF5sjgbR8GuFXMFxDOVgQ.jpg,
Beringer,Napa Valley Cabernet Sauvignon (White Label),2005,Napa Valley,United States,Napa Valley Cabernet Sauvignon,3.99,4/22/19 14:39,,,,,Red Wine,,,1,https://www.vivino.com/wines/22968,https://images.vivino.com/labels/2tEvHdXVQU2_aQ0dezK08w.jpg,
Hogue,Reserve Merlot,2012,Wahluke Slope,United States,Washington State Merlot,3.72,4/22/19 14:38,,,,,Red Wine,,,1,https://www.vivino.com/wines/4191474,https://images.vivino.com/labels/0pQxKI-9SbeLEmfD5Pfwmw.jpg,
Salmon Run,Meritage,2006,Finger Lakes,United States,,3.42,4/22/19 14:37,,,,,Red Wine,,,,https://www.vivino.com/wines/5881,https://images.vivino.com/labels/hD5-y8R4T0eaM4E6vK4sBA.jpg,
Gnarled Vine,Zinfandel,2005,California,United States,Californian Zinfandel,3.75,4/22/19 14:36,,,,,Red Wine,,,1,https://www.vivino.com/wines/3331150,https://images.vivino.com/labels/-OvmIiSJQ3GN4sWRsFTiZQ.jpg,
Louis M. Martini,Cabernet Sauvignon,2006,Napa Valley,United States,Napa Valley Cabernet Sauvignon,4.05,4/22/19 14:36,,,,,Red Wine,,,1,https://www.vivino.com/wines/100614,https://images.vivino.com/labels/SwSPaF1ETkuOLkB_iBel8g.jpg,
Cypress Vineyards,Cabernet Sauvignon,1997,Central Coast,United States,Californian Cabernet Sauvignon,3.71,4/22/19 14:35,,,,,Red Wine,,,1,https://www.vivino.com/wines/6841224,https://images.vivino.com/labels/byTSsdKfRaauVObwqKzBzg.jpg,
Kenwood,Cabernet Sauvignon,2004,Sonoma County,United States,Californian Cabernet Sauvignon,3.63,4/22/19 14:33,,,,,Red Wine,,,,https://www.vivino.com/wines/88311,https://images.vivino.com/labels/fkAYq5x5QpS6x1uWzMY4cQ.jpg,
Wyndham,Shiraz BIN 555,2003,South Eastern Australia,Australia,Australian Shiraz,3.55,4/22/19 14:32,,,,,Red Wine,,,1,https://www.vivino.com/wines/1165247,https://images.vivino.com/labels/jnXc_CioR2-nU1kYJauAbA.jpg,
Murphy-Goode,Merlot,2007,California,United States,Californian Merlot,3.65,4/22/19 14:30,,,,,Red Wine,,,1,https://www.vivino.com/wines/1172251,https://images.vivino.com/labels/6xxCVUJ5Q02w3ERsNoWgyg.jpg,
Red Vin,Sweet Red,2008,Rheinhessen,Germany,,3.67,3/29/19 20:49,,,,,Red Wine,,,,https://www.vivino.com/wines/11788718,https://images.vivino.com/labels/onSaAjVYTqSlIpqDGgrZAQ.jpg,
Poggio Al Tesoro,Solosole Vermentino,2017,Bolgheri,Italy,Central Italy White,3.87,1/17/19 21:53,,5,Perfect for afternoon tapas and wine,,White Wine,,,,https://www.vivino.com/wines/150513261,https://images.vivino.com/labels/9vjDYi_uQM2TpRopsxkgQQ.jpg,
Talley Vineyards,Estate Pinot Noir,2016,Arroyo Grande Valley,United States,Californian Pinot Noir,3.93,1/15/19 2:56,,4.5,Smooth no aftertaste.  Great with duck,,Red Wine,,,,https://www.vivino.com/wines/112707468,https://images.vivino.com/labels/1N5NKOTeTBOFzJZpH22cJA.jpg,
Zuccardi,Malamado Malbec,2014,Mendoza,Argentina,Argentinian Malbec,3.72,12/21/18 15:21,,,,,Dessert Wine,,,1,https://www.vivino.com/wines/5092599,https://images.vivino.com/labels/wlkwi98lQ7quIU2Q88EVQQ.jpg,
Dog Point,Pinot Noir,2009,Marlborough,New Zealand,New Zealand Pinot Noir,4.02,12/5/18 3:16,,5,Smooth.  Great color.  Easy finish ,Lotus of Siam Dec 2018 Tech Impact,Red Wine,,,,https://www.vivino.com/wines/1240055,https://images.vivino.com/labels/soQqkMpSTpOEWX5Q4VAsEQ.jpg,
Allegrini,Valpolicella Superiore,2016,Valpolicella,Italy,Italian Valpolicella Red,3.68,11/23/18 0:57,,,,,Red Wine,,,1,https://www.vivino.com/wines/98611695,https://images.vivino.com/labels/mV5GO7vCRG2oxZi4k_sr_A.jpg,
La Perrière,Sancerre Blanc,2016,Sancerre,France,Upper Loire White,3.99,11/22/18 0:48,,4.5,Let it open and it’s great with cheese and seafood,,White Wine,,,,https://www.vivino.com/wines/146446273,https://images.vivino.com/labels/HhSCA4q_RgGZMz82QhniWw.jpg,
Mindego Ridge,Pinot Noir,2014,Santa Cruz Mountains,United States,Californian Pinot Noir,4.2,11/6/18 20:04,,,,From Alex Rosen.  Nov 2018,Red Wine,,,1,https://www.vivino.com/wines/141986394,https://images.vivino.com/labels/kq8V4coIT3K7vTT5BaZAXQ.jpg,
Radio-Coteau,Laguna Pinot Noir,2016,Russian River Valley,United States,Californian Pinot Noir,4.23,11/2/18 3:45,,4.5,Alex Rosen dinner at The Progress.  Great Pinot. ,,Red Wine,,,,https://www.vivino.com/wines/156327774,https://images.vivino.com/labels/O0hklv6PSTCwGxv3TZOxtA.jpg,
Migration,Sonoma Coast Pinot Noir,2016,Sonoma Coast,United States,Californian Pinot Noir,4.12,9/8/18 22:42,,4,Excellent with steak and seafood.  ,,Red Wine,,,,https://www.vivino.com/wines/156846074,https://images.vivino.com/labels/309-eu1KRpKjtW7rsayj3Q.jpg,
K Vintners,Guido Sangiovese,2015,Walla Walla Valley,United States,Washington State Red Blend,3.95,7/18/18 22:30,,,,,Red Wine,,,,https://www.vivino.com/wines/151977933,https://images.vivino.com/labels/fPXE05q9RUGmMdm8U9sgcg.jpg,
Pine Ridge,Napa Valley Cabernet Sauvignon,2015,Napa Valley,United States,Napa Valley Cabernet Sauvignon,4.29,7/9/18 22:46,,,,Alex July 2018,Red Wine,,,2,https://www.vivino.com/wines/18239853,https://images.vivino.com/labels/v07zHJApSQSmd5a2cgeZCA.jpg,
Yalumba,Museum Reserve Muscat,2012,Rutherglen,Australia,,4,7/6/18 17:16,,,,,Dessert Wine,,,,https://www.vivino.com/wines/1963496,https://images.vivino.com/labels/MHTZUTq5Q3-6XiDptZCxPA.jpg,
Elk Cove,Ultima White,2014,Willamette Valley,United States,,4.14,7/6/18 17:15,,,,,Dessert Wine,,,,https://www.vivino.com/wines/143626399,https://images.vivino.com/labels/h7QSs93cQLSyA6XWnjDBtA.jpg,
Fetzer,Shaly Loam Gewürztraminer,2016,Monterey County,United States,Californian Gewürztraminer,3.85,7/4/18 16:19,,,,,White Wine,,,,https://www.vivino.com/wines/85279517,https://images.vivino.com/labels/KJ0-QGffQ32lxmzU9JXoDw.jpg,
Merryvale,Premiere Napa Valley Cabernet Sauvignon,2015,Napa Valley,United States,Napa Valley Cabernet Sauvignon,4.27,7/3/18 21:31,,,,,Red Wine,,,2,https://www.vivino.com/wines/151550482,https://images.vivino.com/labels/R4ipOE3YTPmBRrwtJxlsvA.jpg,
Château Laribotte,Sauternes,2013,Sauternes,France,Bordeaux Sauternes,4.04,7/3/18 21:28,,4,Very good but a bit light for my taste.  ,,Dessert Wine,,,1,https://www.vivino.com/wines/68379859,https://images.vivino.com/labels/QUZDe57dTj6Jd8RIHOJ9cA.jpg,
Antoine Moueix,La Fleur Renaissance Sauternes,2011,Sauternes,France,Bordeaux Sauternes,3.75,7/3/18 21:27,,,,,Dessert Wine,,,,https://www.vivino.com/wines/6121628,https://images.vivino.com/labels/Nx-jfpcjRWGF_iVaubMuYw.jpg,
W. & J. Graham's,Late Bottled Vintage Port,2012,Porto,Portugal,Late Bottled Vintage Port (LBV),4.02,7/3/18 21:26,,,,,Fortified Wine,,,,https://www.vivino.com/wines/1821759,https://images.vivino.com/labels/QbjbZ7BORjuUHIfTaSz2eg.jpg,
Château Laribotte,Sauternes,2013,Sauternes,France,Bordeaux Sauternes,4.04,7/3/18 21:25,,,,,Dessert Wine,,,1,https://www.vivino.com/wines/68379859,https://images.vivino.com/labels/9yjOxBPcT7WV_jq6ufNMyA.jpg,
Sandeman,Founder's Reserve Ruby Port,2017,Porto,Portugal,Ruby Port,4,7/3/18 21:23,,,,,Fortified Wine,,,1,https://www.vivino.com/wines/156049668,https://images.vivino.com/labels/-33e4VuIQmuxdVbXaSBHgg.jpg,
De Bortoli,Deen Vat Series Vat 5 Botrytis Sémillon,2011,Riverina,Australia,,3.76,6/13/18 19:31,,,,,Dessert Wine,,,,https://www.vivino.com/wines/30102741,https://images.vivino.com/labels/eH51pPnIR_KzsatEXUh9LQ.jpg,
Philippe Raimbault,Apud Sariacum Sancerre,2017,Sancerre,France,Upper Loire White,3.84,6/12/18 18:10,The Saddle Room,5,Exdellent pairing with seared scallops,,White Wine,,,,https://www.vivino.com/wines/156775452,https://images.vivino.com/labels/FfCKCxnuQSSjmcE6QKELWA.jpg,
Hall,Napa Valley Cabernet Sauvignon,2016,Napa Valley,United States,Napa Valley Cabernet Sauvignon,4.22,12/24/17 18:40,,,,,Red Wine,,,1,https://www.vivino.com/wines/107206077,https://images.vivino.com/labels/Nr3EQJ8VS6K0FzkqQwLkIw.jpg,
Caymus,Special Selection Cabernet Sauvignon,2009,Napa Valley,United States,Napa Valley Cabernet Sauvignon,4.64,12/24/17 18:39,,,,,Red Wine,,,1,https://www.vivino.com/wines/1273114,https://images.vivino.com/labels/KQKO4B--SVSws3ubElC-rw.jpg,
Orin Swift,Palermo Cabernet Sauvignon,2014,Napa Valley,United States,Napa Valley Cabernet Sauvignon,4.28,12/24/17 18:38,,,,,Red Wine,,,1,https://www.vivino.com/wines/4311438,https://images.vivino.com/labels/WFAFmSrhTIuAuexZCWq7Ag.jpg,
Chateau Ste. Michelle,Cabernet Sauvignon,2006,Columbia Valley,United States,Washington State Cabernet Sauvignon,3.76,12/24/17 18:33,,,,,Red Wine,,,,https://www.vivino.com/wines/1131520,https://images.vivino.com/labels/JwKSjr2mQE2gJrlubJ5MNQ.jpg,
Caymus,Cabernet Sauvignon,2013,Napa Valley,United States,Napa Valley Cabernet Sauvignon,4.56,12/24/17 18:32,,,,,Red Wine,,,1,https://www.vivino.com/wines/2504750,https://images.vivino.com/labels/rpdiiYmqSvmR-4loh_U5cQ.jpg,
Bell,Clone 6 Cabernet Sauvignon,2012,Rutherford,United States,Napa Valley Cabernet Sauvignon,4.59,12/24/17 18:30,,5,,,Red Wine,,,,https://www.vivino.com/wines/7363389,https://images.vivino.com/labels/Z5JgHhV-TQ2ErJLcOxsU2w.jpg,
Cruz Alta,Reserve Cabernet Sauvignon,2012,Mendoza,Argentina,Argentinian Cabernet Sauvignon,3.62,12/24/17 18:29,,,,,Red Wine,,,1,https://www.vivino.com/wines/1963579,https://images.vivino.com/labels/3E4SvkdXR4qWkVaSenIjyw.jpg,
DAOU,Cabernet Sauvignon,2014,Paso Robles,United States,Californian Cabernet Sauvignon,4.1,12/24/17 18:28,,,,,Red Wine,,,1,https://www.vivino.com/wines/94058929,https://images.vivino.com/labels/jbCrzhsuQzudril7Js-1Ig.jpg,
Frog's Leap,Zinfandel,2013,Napa Valley,United States,Californian Zinfandel,3.92,12/24/17 18:27,,,,,Red Wine,,,1,https://www.vivino.com/wines/3527994,https://images.vivino.com/labels/qWap_g24Tja0777cNXn9_g.jpg,
Decoy,Sonoma County Zinfandel,2013,Sonoma County,United States,Californian Zinfandel,3.84,12/24/17 18:26,,,,,Red Wine,,,1,https://www.vivino.com/wines/2982808,https://images.vivino.com/labels/gm0KALKaRjixk5A7WQa7Tg.jpg,
Château Bonnet,Bordeaux,2010,Bordeaux,France,Bordeaux Red,3.49,12/24/17 18:25,,,,,Red Wine,,,1,https://www.vivino.com/wines/2122416,https://images.vivino.com/labels/NbdKtGyvTIadmJFXCsQDEQ.jpg,
Mount Eden Vineyards,Domaine Eden Cabernet Sauvignon,2010,Santa Cruz Mountains,United States,Californian Cabernet Sauvignon,4.21,12/24/17 18:24,,,,,Red Wine,,,1,https://www.vivino.com/wines/101290623,https://images.vivino.com/labels/6PSL3NyLQWS6S3BSX5u-tw.jpg,
Henri Louis Fagard,Château la Jorine Alfio Moriconi Selection Lussac-Saint-Émilion,2005,Lussac-Saint-Émilion,France,Bordeaux Saint-Émilion,3.7,12/24/17 18:23,,,,,Red Wine,,,1,https://www.vivino.com/wines/2079546,https://images.vivino.com/labels/fXQOYGyQRiOzBjOi0v3XWQ.jpg,
Hope & Grace,Riesling,2012,Napa Valley,United States,Californian Riesling,3.65,12/24/17 18:21,,,,,White Wine,,,1,https://www.vivino.com/wines/5542809,https://images.vivino.com/labels/IMNCjIhdSOCdoqboqB_cxA.jpg,
Argyle,Pinot Noir,2014,Willamette Valley,United States,Oregon Pinot Noir,3.71,12/24/17 18:20,,,,,Red Wine,,,1,https://www.vivino.com/wines/13471982,https://images.vivino.com/labels/BYijBBefSgSaCwpDfJBthQ.jpg,
Stratus,Red,2006,Niagara-on-the-Lake,Canada,Canadian Meritage,4.01,12/24/17 18:19,,,,,Red Wine,,,1,https://www.vivino.com/wines/2214691,https://images.vivino.com/labels/th2JesJzQY6L7KuukjO9Sg.jpg,
K Vintners,The Beautiful Syrah,2014,Walla Walla Valley,United States,Washington State Syrah,4.19,12/24/17 18:18,,4.5,,,Red Wine,,,,https://www.vivino.com/wines/88904803,https://images.vivino.com/labels/u5lK10_dRjOsqG1RquWHMQ.jpg,
Kim Crawford,Sauvignon Blanc,2016,Marlborough,New Zealand,New Zealand Sauvignon Blanc,3.99,12/24/17 18:17,,5,,,White Wine,,,,https://www.vivino.com/wines/86109538,https://images.vivino.com/labels/6SAZRxBSTiGMs2FNLztjTA.jpg,
E. Guigal,Côtes-du-Rhône Rosé,2016,Côtes-du-Rhône,France,Southern Rhône Rosé,3.63,12/24/17 18:13,,,,,Rosé Wine,,,,https://www.vivino.com/wines/118952375,https://images.vivino.com/labels/ww1mCRxhTbKaNT_EeQOqug.jpg,
Dark Horse,Rosé,2016,California,United States,,3.38,12/24/17 17:30,,,,,Rosé Wine,,,,https://www.vivino.com/wines/129246058,https://images.vivino.com/labels/usi2rdzASGW1l02_q_iEzw.jpg,
Crios,Malbec,2017,Agrelo,Argentina,Argentinian Malbec,3.48,12/24/17 17:29,,,,,Red Wine,,,,https://www.vivino.com/wines/150748414,https://images.vivino.com/labels/MXOpn9UpTQOF-47G80XgCg.jpg,
Passeport,Beaujolais Gamay,2016,Beaujolais,France,Beaujolais Red,3.78,12/24/17 17:27,,,,,Red Wine,,,,https://www.vivino.com/wines/147599299,https://images.vivino.com/labels/3LJ8PRbiQPuIWwUx5n1kLA.jpg,
Shafer,Hillside Select Cabernet Sauvignon,2010,Stags Leap District,United States,Napa Valley Cabernet Sauvignon,4.64,4/28/15 3:06,,,,,Red Wine,,,,https://www.vivino.com/wines/1753151,https://images.vivino.com/labels/0265m207fle2p.jpg,
La Spinetta,Vürsù Barolo Campè,2010,Barolo,Italy,Italian Barolo,4.42,4/20/15 22:39,,,,,Red Wine,,,,https://www.vivino.com/wines/1752298,https://images.vivino.com/labels/0255n0anq778j.jpg,
Château Smith Haut-Lafitte,Les Hauts de Smith Pessac-Leognan Blanc,2010,Pessac-Léognan,France,Bordeaux White,3.99,4/20/15 22:39,,,,,White Wine,,,,https://www.vivino.com/wines/3948930,https://images.vivino.com/labels/0255mxny2spor.jpg,
Sileni Estates,Cellar Selection Marlborough Sauvignon Blanc,9999,Marlborough,New Zealand,New Zealand Sauvignon Blanc,3.86,,,4.5,Royal Boucherie.   Great.  Dry.   Nice.  ,,White Wine,,,,https://www.vivino.com/wines/2023508,,
Moccagatta,Bric Balin Barbaresco,9999,Barbaresco,Italy,Italian Barbaresco,4.14,,,,,,Red Wine,,,,https://www.vivino.com/wines/1926243,,
Le Piane,Boca,2012,Boca,Italy,Northern Italy Red,4.12,,,4.5,Great with steak.   ,,Red Wine,2019 2020,,2,https://www.vivino.com/wines/4210109,,
Domaine des Aubuisieres - Bernard Fouquet,Cuvée de Silex Vouvray,9999,Vouvray,France,Loire Chenin Blanc,3.93,,,,,Fork.   August 2019,White Wine,,8/25/19 23:32,,https://www.vivino.com/wines/3580364,,
Hay Maker,Sauvignon Blanc,9999,Marlborough,New Zealand,New Zealand Sauvignon Blanc,3.82,,,4,Great wine with seafood.  Fruit forward and refreshing. ,,White Wine,,,,https://www.vivino.com/wines/1736006,,